{
  "IcoMoonType": "selection",
  "icons": [
    {
      "icon": {
        "width": 950.8569869995117,
        "paths": [
          "M731.429 768q0-14.857-10.857-25.714t-25.714-10.857-25.714 10.857-10.857 25.714 10.857 25.714 25.714 10.857 25.714-10.857 10.857-25.714zM877.714 768q0-14.857-10.857-25.714t-25.714-10.857-25.714 10.857-10.857 25.714 10.857 25.714 25.714 10.857 25.714-10.857 10.857-25.714zM950.857 640v182.857q0 22.857-16 38.857t-38.857 16h-841.143q-22.857 0-38.857-16t-16-38.857v-182.857q0-22.857 16-38.857t38.857-16h265.714l77.143 77.714q33.143 32 77.714 32t77.714-32l77.714-77.714h265.143q22.857 0 38.857 16t16 38.857zM765.143 314.857q9.714 23.429-8 40l-256 256q-10.286 10.857-25.714 10.857t-25.714-10.857l-256-256q-17.714-16.571-8-40 9.714-22.286 33.714-22.286h146.286v-256q0-14.857 10.857-25.714t25.714-10.857h146.286q14.857 0 25.714 10.857t10.857 25.714v256h146.286q24 0 33.714 22.286z"
        ],
        "attrs": [],
        "isMulticolor": false,
        "isMulticolor2": false,
        "tags": [
          "download"
        ],
        "defaultCode": 61465,
        "grid": 14
      },
      "attrs": [],
      "properties": {
        "name": "download",
        "id": 0,
        "order": 2216,
        "prevSize": 32,
        "code": 61465
      },
      "setIdx": 0,
      "setId": 7,
      "iconIdx": 0
    },
    {
      "icon": {
        "width": 950.8560180664062,
        "paths": [
          "M925.714 233.143q-38.286 56-92.571 95.429 0.571 8 0.571 24 0 74.286-21.714 148.286t-66 142-105.429 120.286-147.429 83.429-184.571 31.143q-154.857 0-283.429-82.857 20 2.286 44.571 2.286 128.571 0 229.143-78.857-60-1.143-107.429-36.857t-65.143-91.143q18.857 2.857 34.857 2.857 24.571 0 48.571-6.286-64-13.143-106-63.714t-42-117.429v-2.286q38.857 21.714 83.429 23.429-37.714-25.143-60-65.714t-22.286-88q0-50.286 25.143-93.143 69.143 85.143 168.286 136.286t212.286 56.857q-4.571-21.714-4.571-42.286 0-76.571 54-130.571t130.571-54q80 0 134.857 58.286 62.286-12 117.143-44.571-21.143 65.714-81.143 101.714 53.143-5.714 106.286-28.571z"
        ],
        "attrs": [],
        "isMulticolor": false,
        "isMulticolor2": false,
        "tags": [
          "twitter"
        ],
        "defaultCode": 61593,
        "grid": 14
      },
      "attrs": [],
      "properties": {
        "name": "twitter",
        "id": 1,
        "order": 2219,
        "prevSize": 32,
        "code": 61593
      },
      "setIdx": 0,
      "setId": 7,
      "iconIdx": 1
    },
    {
      "icon": {
        "width": 602.2870178222656,
        "paths": [
          "M548 6.857v150.857h-89.714q-49.143 0-66.286 20.571t-17.143 61.714v108h167.429l-22.286 169.143h-145.143v433.714h-174.857v-433.714h-145.714v-169.143h145.714v-124.571q0-106.286 59.429-164.857t158.286-58.571q84 0 130.286 6.857z"
        ],
        "attrs": [],
        "isMulticolor": false,
        "isMulticolor2": false,
        "tags": [
          "facebook",
          "facebook-f"
        ],
        "defaultCode": 61594,
        "grid": 14
      },
      "attrs": [],
      "properties": {
        "name": "facebook",
        "id": 2,
        "order": 2220,
        "prevSize": 32,
        "code": 61594
      },
      "setIdx": 0,
      "setId": 7,
      "iconIdx": 2
    },
    {
      "icon": {
        "width": 1024.000771658761,
        "paths": [
          "M511.999-1.655q139.785 0 257.832 68.889t186.936 186.936 68.889 257.832q0 167.875-97.982 301.974t-253.15 185.597q-18.059 3.343-26.753-4.682t-8.695-20.065q0-2.006 0.334-51.164t0.334-89.957q0-64.877-34.778-94.973 38.123-4.013 68.553-12.040t62.868-26.084 54.174-44.476 35.448-70.226 13.71-100.658q0-79.59-52.837-137.778 24.747-60.862-5.351-136.439-18.728-6.019-54.174 7.358t-61.531 29.429l-25.414 16.052q-62.201-17.389-128.414-17.389t-128.414 17.389q-10.701-7.358-28.426-18.059t-55.846-25.75-56.849-9.028q-30.096 75.577-5.351 136.439-52.837 58.188-52.837 137.778 0 56.849 13.71 100.324t35.114 70.226 53.84 44.812 62.868 26.084 68.553 12.040q-26.084 24.077-32.772 68.889-14.046 6.688-30.096 10.031t-38.123 3.343-43.809-14.38-37.12-41.802q-12.707-21.402-32.438-34.778t-33.108-16.052l-13.377-2.006q-14.046 0-19.395 3.009t-3.343 7.691 6.019 9.364 8.695 8.025l4.682 3.343q14.713 6.688 29.093 25.414t21.068 34.111l6.688 15.383q8.695 25.414 29.429 41.133t44.812 20.065 46.482 4.682 37.12-2.34l15.383-2.676q0 25.414 0.334 59.191t0.334 36.451q0 12.040-8.695 20.065t-26.753 4.682q-155.167-51.5-253.15-185.597t-97.982-301.974q0-139.785 68.889-257.832t186.936-186.936 257.832-68.889zM192.972 736.057q2.006-4.682-4.682-8.025-6.688-2.006-8.695 1.337-2.006 4.682 4.682 8.025 6.019 4.013 8.695-1.337zM213.704 758.795q4.682-3.343-1.337-10.701-6.688-6.019-10.701-2.006-4.682 3.343 1.337 10.701 6.688 6.688 10.701 2.006zM233.769 788.893q6.019-4.682 0-12.707-5.351-8.695-11.37-4.013-6.019 3.343 0 12.040t11.37 4.682zM261.859 816.983q5.351-5.351-2.676-12.707-8.025-8.025-13.377-2.006-6.019 5.351 2.676 12.707 8.025 8.025 13.377 2.006zM299.982 833.703q2.006-7.358-8.695-10.701-10.031-2.676-12.707 4.682t8.695 10.031q10.031 4.013 12.707-4.013zM342.118 837.048q0-8.695-11.37-7.358-10.701 0-10.701 7.358 0 8.695 11.37 7.358 10.701 0 10.701-7.358zM380.909 830.36q-1.337-7.358-12.040-6.019-10.701 2.006-9.364 10.031t12.040 5.351 9.364-9.364z"
        ],
        "attrs": [],
        "isMulticolor": false,
        "isMulticolor2": false,
        "tags": [
          "github"
        ],
        "defaultCode": 61595,
        "grid": 14
      },
      "attrs": [],
      "properties": {
        "name": "github",
        "id": 3,
        "order": 2223,
        "prevSize": 32,
        "code": 61595
      },
      "setIdx": 0,
      "setId": 7,
      "iconIdx": 3
    },
    {
      "icon": {
        "width": 877.7139282226562,
        "paths": [
          "M648 614.286q-21.143 69.143-78.857 111.429t-130.286 42.286-130.286-42.286-78.857-111.429q-4.571-14.286 2.286-27.714t21.714-18q14.286-4.571 27.714 2.286t18 21.714q14.286 45.714 52.857 74t86.571 28.286 86.571-28.286 52.857-74q4.571-14.857 18.286-21.714t28-2.286 21.143 18 2.286 27.714zM365.714 365.714q0 30.286-21.429 51.714t-51.714 21.429-51.714-21.429-21.429-51.714 21.429-51.714 51.714-21.429 51.714 21.429 21.429 51.714zM658.286 365.714q0 30.286-21.429 51.714t-51.714 21.429-51.714-21.429-21.429-51.714 21.429-51.714 51.714-21.429 51.714 21.429 21.429 51.714zM804.571 512q0-74.286-29.143-142t-78-116.571-116.571-78-142-29.143-142 29.143-116.571 78-78 116.571-29.143 142 29.143 142 78 116.571 116.571 78 142 29.143 142-29.143 116.571-78 78-116.571 29.143-142zM877.714 512q0 119.429-58.857 220.286t-159.714 159.714-220.286 58.857-220.286-58.857-159.714-159.714-58.857-220.286 58.857-220.286 159.714-159.714 220.286-58.857 220.286 58.857 159.714 159.714 58.857 220.286z"
        ],
        "attrs": [],
        "isMulticolor": false,
        "isMulticolor2": false,
        "tags": [
          "smile-o"
        ],
        "defaultCode": 61720,
        "grid": 14
      },
      "attrs": [],
      "properties": {
        "name": "smile",
        "id": 4,
        "order": 2218,
        "prevSize": 32,
        "code": 61720
      },
      "setIdx": 0,
      "setId": 7,
      "iconIdx": 4
    },
    {
      "icon": {
        "width": 877.713981628418,
        "paths": [
          "M585.143 292.571v-269.714q12.571 8 20.571 16l233.143 233.143q8 8 16 20.571h-269.714zM512 310.857q0 22.857 16 38.857t38.857 16h310.857v603.429q0 22.857-16 38.857t-38.857 16h-768q-22.857 0-38.857-16t-16-38.857v-914.286q0-22.857 16-38.857t38.857-16h457.143v310.857z"
        ],
        "attrs": [],
        "isMulticolor": false,
        "isMulticolor2": false,
        "tags": [
          "file"
        ],
        "defaultCode": 61787,
        "grid": 14
      },
      "attrs": [],
      "properties": {
        "name": "file",
        "id": 5,
        "order": 2215,
        "prevSize": 32,
        "code": 61787
      },
      "setIdx": 0,
      "setId": 7,